{"fast_rcnn/cls_accuracy": 0.4453125, "fast_rcnn/false_negative": 0.7516944495328814, "fast_rcnn/fg_cls_accuracy": 0.2348427672955975, "iteration": 19, "loss_box_reg": 0.36674292385578156, "loss_cls": 0.9570113122463226, "loss_mask": 0.6883939206600189, "loss_rpn_cls": 0.6871874034404755, "loss_rpn_loc": 0.05554799921810627, "lr": 1.9981e-05, "mask_rcnn/accuracy": 0.8706613860547595, "mask_rcnn/false_negative": 0.041581700580621744, "mask_rcnn/false_positive": 0.16171158957740558, "roi_head/num_bg_samples": 447.25, "roi_head/num_fg_samples": 64.75, "rpn/num_neg_anchors": 211.75, "rpn/num_pos_anchors": 44.25, "total_loss": 2.8073748871684074}
{"fast_rcnn/cls_accuracy": 0.83154296875, "fast_rcnn/false_negative": 1.0, "fast_rcnn/fg_cls_accuracy": 0.0, "iteration": 39, "loss_box_reg": 0.5601910650730133, "loss_cls": 0.6442296504974365, "loss_mask": 0.613806962966919, "loss_rpn_cls": 0.29746346175670624, "loss_rpn_loc": 0.07052697986364365, "lr": 3.996099999999999e-05, "mask_rcnn/accuracy": 0.8579938574808805, "mask_rcnn/false_negative": 0.0004942867466641629, "mask_rcnn/false_positive": 0.47934329022605904, "roi_head/num_bg_samples": 425.75, "roi_head/num_fg_samples": 86.25, "rpn/num_neg_anchors": 197.75, "rpn/num_pos_anchors": 58.25, "total_loss": 2.1592599377036095}
{"fast_rcnn/cls_accuracy": 0.837890625, "fast_rcnn/false_negative": 1.0, "fast_rcnn/fg_cls_accuracy": 0.0, "iteration": 59, "loss_box_reg": 0.4949723780155182, "loss_cls": 0.4029720574617386, "loss_mask": 0.4810507148504257, "loss_rpn_cls": 0.02591787651181221, "loss_rpn_loc": 0.03399365022778511, "lr": 5.9940999999999994e-05, "mask_rcnn/accuracy": 0.8614944729951688, "mask_rcnn/false_negative": 0.00046366979568592367, "mask_rcnn/false_positive": 0.4606167961240658, "roi_head/num_bg_samples": 429.0, "roi_head/num_fg_samples": 83.0, "rpn/num_neg_anchors": 217.75, "rpn/num_pos_anchors": 38.25, "total_loss": 1.5343004297465086}
{"fast_rcnn/cls_accuracy": 0.85791015625, "fast_rcnn/false_negative": 1.0, "fast_rcnn/fg_cls_accuracy": 0.0, "iteration": 79, "loss_box_reg": 0.46417422592639923, "loss_cls": 0.33136747777462006, "loss_mask": 0.3733297735452652, "loss_rpn_cls": 0.046805860474705696, "loss_rpn_loc": 0.057583749294281006, "lr": 7.992100000000001e-05, "mask_rcnn/accuracy": 0.872744765599409, "mask_rcnn/false_negative": 0.00047938127485212963, "mask_rcnn/false_positive": 0.45310672061604473, "roi_head/num_bg_samples": 439.25, "roi_head/num_fg_samples": 72.75, "rpn/num_neg_anchors": 222.75, "rpn/num_pos_anchors": 33.25, "total_loss": 1.35453474894166}
{"fast_rcnn/cls_accuracy": 0.86865234375, "fast_rcnn/false_negative": 0.9616273693943597, "fast_rcnn/fg_cls_accuracy": 0.038372630605640314, "iteration": 99, "loss_box_reg": 0.3993295133113861, "loss_cls": 0.23085888475179672, "loss_mask": 0.2939337342977524, "loss_rpn_cls": 0.05768919736146927, "loss_rpn_loc": 0.05561995692551136, "lr": 9.9901e-05, "mask_rcnn/accuracy": 0.8788560836753607, "mask_rcnn/false_negative": 0.00041956863272591327, "mask_rcnn/false_positive": 0.40351498180884615, "roi_head/num_bg_samples": 442.75, "roi_head/num_fg_samples": 69.25, "rpn/num_neg_anchors": 220.0, "rpn/num_pos_anchors": 36.0, "total_loss": 1.1109645813703537}
{"fast_rcnn/cls_accuracy": 0.904296875, "fast_rcnn/false_negative": 0.6433996383363472, "fast_rcnn/fg_cls_accuracy": 0.35660036166365283, "iteration": 119, "loss_box_reg": 0.4432029128074646, "loss_cls": 0.22831987589597702, "loss_mask": 0.2751087248325348, "loss_rpn_cls": 0.060242053121328354, "loss_rpn_loc": 0.09058045968413353, "lr": 0.00011988100000000001, "mask_rcnn/accuracy": 0.8903458465656671, "mask_rcnn/false_negative": 0.0028033575230217286, "mask_rcnn/false_positive": 0.3671653546603385, "roi_head/num_bg_samples": 431.5, "roi_head/num_fg_samples": 80.5, "rpn/num_neg_anchors": 189.0, "rpn/num_pos_anchors": 67.0, "total_loss": 1.17760643735528}
